Time,Event
2026-06-14 14:06:17,Phone Detected (1)
2026-06-14 14:06:30,Phone Detected (2)
2026-06-14 14:08:07,Phone Detected (1)
2026-06-14 14:08:21,Phone Detected (2)
2026-06-14 14:08:46,Phone Detected (3)
2026-06-14 14:24:21,Phone Detected (1)
2026-06-14 14:24:38,Phone Detected (2)
2026-06-14 14:33:46,Phone Detected (1)
2026-06-14 14:36:45,Phone Detected (1)
2026-06-14 20:26:16,Phone Detected (1)
2026-06-14 20:26:29,Phone Detected (2)
2026-06-14 20:26:40,Phone Detected (3)
2026-06-14 21:58:39,Phone Detected (1)
2026-06-14 21:58:53,Phone Detected (2)
